SET,IMAGE,LABEL,XMIN,YMIN,XMAX,YMAX
TRAIN,images/0c708427-7.png,1,142.84313725490196,292.9803921568627,310.0,339.78431372549016
TRAIN,images/d50e32ec-83.png,1,30.07843137254902,209.77777777777774,165.8169934640523,265.3071895424836
TRAIN,images/ba3eeb1f-9.png,0,154.48366013071893,741.5215686274511,513.8614379084968,887.8745098039217
TRAIN,images/60fb8157-41.png,0,30.65359477124183,794.8039215686274,177.35294117647064,891.1437908496732
TRAIN,images/b8dea360-17.png,0,32.78431372549019,752.4,209.8196078431373,826.1647058823528
TRAIN,images/ba3eeb1f-9.png,0,152.85751633986928,456.94640522875824,513.8614379084968,572.402614379085
TRAIN,images/7e7b4e93-08.png,1,888.0784313725491,636.2352941176468,1123.3529411764705,772.098039215686
TRAIN,images/e9d64337-67.png,1,175.68627450980395,525.2287581699347,699.0849673202615,656.9934640522877
TRAIN,images/19d14fc5-47.png,0,33.91895424836601,414.85490196078433,358.7581699346404,453.9921568627451
TRAIN,images/a465fe75-13.png,0,15.329411764705881,480.3215686274509,453.06928104575155,538.232679738562
TRAIN,images/e38f29bf-22.png,0,49.56078431372548,108.19607843137256,153.5686274509804,145.8901960784314
TRAIN,images/709b81a4-07.png,1,152.49019607843138,1186.2549019607843,669.3725490196078,1261.5098039215686
TRAIN,images/0b235d00-41_1.png,1,226.66666666666663,773.3333333333335,753.3333333333334,946.6666666666667
TRAIN,images/efa727b3-38.png,1,899.4810457516339,357.76732026143793,1058.113725490196,497.83660130718965
TRAIN,images/8b42b15b-77.png,1,378.35294117647055,1152.0,1075.764705882353,1250.8235294117649
TRAIN,images/8fff6390-02.png,1,205.9607843137255,984.2549019607842,683.2352941176471,1085.2549019607843
TRAIN,images/cf815730-89.png,1,345.8823529411765,708.2352941176472,457.64705882352945,750.5882352941178
TRAIN,images/b8dea360-17.png,0,36.062745098039215,85.2392156862745,436.03137254901964,219.6549019607843
TRAIN,images/14d7e2fd-46.png,1,177.88235294117646,1095.5294117647059,1075.764705882353,1245.1764705882351
TRAIN,images/041cdc76-1.png,1,847.0588235294119,1180.3921568627452,1607.843137254902,1380.3921568627452
TRAIN,images/78f5d4c7-52.png,0,15.090196078431372,115.69150326797386,174.79477124183006,171.02222222222224
TRAIN,images/7e7b4e93-08.png,1,374.4509803921569,2057.8235294117644,1116.7254901960785,2193.6862745098038
TRAIN,images/d50e32ec-83.png,0,3.0849673202614376,26.222222222222218,136.12418300653593,64.78431372549018
TRAIN,images/5f0b3013-04.png,0,89.08235294117647,1110.230065359477,357.97908496732026,1184.4653594771241
TRAIN,images/024e4188-06.png,0,79.86928104575162,584.5751633986929,496.2091503267974,647.4509803921569
TRAIN,images/50cd31d8-33.png,1,135.99999999999997,156.44444444444446,438.2222222222222,206.22222222222223
TRAIN,images/5c388112-6.png,0,119.0,23.99999999999999,597.0000000000003,179.0
TRAIN,images/c58fc79d-37.png,0,89.39346405228757,932.8640522875817,387.85228758169933,1004.9555555555555
TRAIN,images/024e4188-06.png,0,81.56862745098037,910.8496732026127,202.22222222222226,977.1241830065344
TRAIN,images/edeffb99-64.png,0,116.4705882352941,439.1372549019607,505.5686274509804,516.7843137254903
TRAIN,images/23f53e1d-66.png,0,82.2392156862745,381.7372549019608,524.1215686274509,476.25098039215686
TRAIN,images/f480c66f-49.png,1,585.913725490196,538.1490196078431,1095.4039215686275,662.3372549019607
TRAIN,images/ff66e841-59.png,1,1199.5764705882355,1733.870588235294,1906.223529411765,1951.0352941176473
TRAIN,images/c0ddbf3d-80.png,0,197.95294117647055,709.6823529411765,760.2235294117646,886.5764705882355
TRAIN,images/5998be50-69.png,0,106.66666666666663,465.35947712418306,632.6797385620912,595.0326797385621
TRAIN,images/c58fc79d-37.png,0,92.27712418300652,630.0797385620914,514.7333333333332,743.9843137254902
TRAIN,images/7e7b4e93-08.png,0,162.37254901960785,861.5686274509804,858.2549019607843,987.4901960784315
TRAIN,images/b502dace-78.png,1,690.9960784313724,541.3333333333333,1114.5098039215686,652.7843137254902
TRAIN,images/a465fe75-13.png,0,23.845751633986925,415.597385620915,362.7960784313725,476.9150326797385
TRAIN,images/f03b07a0-24.png,1,418.8888888888889,396.2196078431373,714.5751633986928,461.2705882352941
TRAIN,images/b502dace-78.png,1,181.5058823529412,257.9294117647059,1111.3254901960786,410.7764705882353
TRAIN,images/6186fc00-81.png,1,191.58169934640526,125.49019607843138,347.18954248366015,164.8104575163399
TRAIN,images/97015db7-43.png,0,83.80000000000001,170.8862745098039,504.44313725490207,230.03921568627447
TRAIN,images/1f9143c9-86.png,0,581.437908496732,1162.875816993464,773.8562091503268,1221.437908496732
TRAIN,images/bfd612be-53.png,0,6.844444444444445,29.390849673202617,70.45751633986929,47.10588235294118
TRAIN,images/7416a253-68.png,1,751.3894444694503,392.6640192964989,981.6457417654427,450.8562984405125
TRAIN,images/adbe7063-56.png,1,521.3947712418302,2003.253594771242,1336.8091503267979,2136.5424836601314
TRAIN,images/31620f93-45.png,1,372.7058823529412,1160.4705882352941,1070.1176470588236,1250.8235294117649
TRAIN,images/78f5d4c7-52.png,1,147.12941176470588,613.6679738562091,467.7960784313725,667.7411764705881
TRAIN,images/1c7c1b57-11.png,1,315.90065359477126,321.2549019607843,460.4653594771242,366.76601307189543
TRAIN,images/c58fc79d-37.png,1,412.36339869281016,758.402614379085,530.5934640522872,837.7032679738564
TRAIN,images/7d6ed8ea-61.png,0,83.29411764705881,515.9607843137254,348.60130718954247,576.8888888888888
TRAIN,images/34fd9cdc-55.png,0,97.03921568627452,580.2549019607844,506.98039215686276,671.3529411764706
TRAIN,images/b2cd1c69-12.png,0,33.55555555555555,541.8235294117644,377.0065359477124,598.0784313725487
TRAIN,images/a465fe75-13.png,1,371.3124183006535,543.3424836601307,585.9241830065358,613.1764705882354
TRAIN,images/041cdc76-1.png,0,243.13725490196077,1592.1568627450981,811.7647058823529,1800.0
TRAIN,images/630759f1-92.png,1,129.8,370.7359477124183,379.2196078431373,439.45359477124185
TRAIN,images/0915153d-21.png,1,195.76470588235293,704.0,633.7254901960785,874.6666666666666
TRAIN,images/ba3eeb1f-9.png,1,196.76339869281045,936.6588235294117,567.524183006536,1048.862745098039
TRAIN,images/78f5d4c7-52.png,0,20.120261437908496,389.8300653594771,334.4993464052288,501.7490196078432
TRAIN,images/7e7b4e93-08.png,1,901.3333333333337,1037.1960784313724,1113.411764705883,1163.1176470588232
TRAIN,images/b8dea360-17.png,1,199.98431372549018,422.91764705882355,634.3764705882353,636.0156862745098
TRAIN,images/50cd31d8-33.png,0,8.88888888888889,635.5555555555555,336.8888888888889,677.3333333333334
TRAIN,images/024e4188-06.png,0,91.76470588235294,1109.673202614379,516.6013071895425,1194.6405228758172
TRAIN,images/3880651e-82.png,1,300.01568627450985,326.7346405228758,582.473202614379,372.5385620915032
TRAIN,images/f480c66f-49.png,1,818.3686274509804,1025.349019607843,1082.6666666666665,1136.8
TRAIN,images/97015db7-43.png,0,87.08627450980391,704.9058823529411,389.4235294117647,764.0588235294117
TRAIN,images/f4f8dd18-29.png,1,238.89934640522893,1112.5385620915035,739.3673202614382,1232.8601307189551
TRAIN,images/6186fc00-81.png,0,10.875816993464053,329.6209150326797,281.09803921568624,394.03921568627453
TRAIN,images/34fd9cdc-55.png,0,99.01960784313725,1085.2549019607843,376.27450980392155,1160.5098039215688
TRAIN,images/b2cd1c69-12.png,1,453.9869281045751,441.1568627450981,676.0457516339868,504.32026143790847
TRAIN,images/caa9851b-71.png,0,131.17908496732028,1638.4,551.4875816993465,1737.4535947712418
TRAIN,images/b794eae4-79.png,0,25.098039215686278,717.8039215686275,838.2745098039214,860.8627450980393
TRAIN,images/9ec9bb61-8.png,0,141.37908496732027,62.13071895424836,642.2287581699346,191.46405228758172
TRAIN,images/b794eae4-79.png,1,283.60784313725486,411.6078431372549,1041.5686274509803,501.9607843137256
TRAIN,images/fd453f12-44.png,0,93.28627450980392,800.2980392156861,553.1712418300654,1098.159477124183
TRAIN,images/50cd31d8-33.png,1,150.2222222222224,407.11111111111103,443.55555555555554,443.55555555555566
TRAIN,images/3fd05958-14.png,0,22.142483660130715,1045.8065359477123,258.89673202614375,1105.4209150326794
TRAIN,images/5c388112-6.png,1,118.0,373.0,679.9999999999999,533.0
TRAIN,images/c35162b2-73.png,1,1688.5960784313727,1112.3450980392156,2025.9137254901962,1190.650980392157
TRAIN,images/caa9851b-71.png,1,281.09803921568624,961.0875816993463,998.5673202614378,1070.8496732026144
TRAIN,images/029ac730-35.png,1,303.0705882352941,172.8705882352941,495.6352941176471,214.4470588235294
TRAIN,images/e5d4b88a-15.png,1,225.3176470588235,709.9294117647061,624.0941176470589,783.2470588235294
TRAIN,images/7d6ed8ea-61.png,1,171.21568627450975,235.2287581699346,626.2483660130717,333.94771241830057
TRAIN,images/34b3b9a8-13_1.png,0,25.474509803921574,780.156862745098,652.7843137254904,964.8470588235294
TRAIN,images/b8dea360-17.png,0,26.22745098039216,226.21176470588233,454.0627450980392,293.4196078431372
TRAIN,images/cf815730-89.png,0,142.35294117647058,767.0588235294117,247.05882352941177,808.2352941176471
TRAIN,images/4696eada-51.png,1,326.8235294117647,798.9019607843137,1245.5607843137254,962.313725490196
TRAIN,images/b502dace-78.png,1,522.2274509803922,1066.7450980392157,1120.8784313725491,1175.0117647058823
TRAIN,images/029ac730-35.png,0,5.470588235294115,413.5764705882354,357.77647058823504,584.2588235294119
TRAIN,images/45e6643b-20.png,1,315.8823529411764,421.1764705882353,878.1529411764707,701.2588235294118
TRAIN,images/ff66e841-59.png,0,272.3176470588236,1447.764705882353,865.2117647058825,1668.376470588235
TRAIN,images/f03b07a0-24.png,0,33.51111111111111,687.9633986928104,323.28366013071894,752.0287581699346
TRAIN,images/c0ddbf3d-80.png,1,313.77647058823527,903.4235294117648,876.0470588235294,1225.6235294117648
TRAIN,images/7483acd8-16.png,1,441.65882352941173,756.6771241830065,687.024836601307,832.6614379084967
TRAIN,images/03db6a46-39.png,0,106.37124183006536,362.7084967320261,599.8640522875818,453.38562091503263
TRAIN,images/c58fc79d-37.png,1,367.66666666666674,273.9477124183006,526.2679738562092,347.4810457516339
TRAIN,images/1c7c1b57-11.png,0,18.739869281045756,524.716339869281,148.58039215686279,571.5660130718954
TRAIN,images/5f0b3013-04.png,1,240.85228758169936,475.1058823529412,692.8627450980393,544.3921568627452
TRAIN,images/7e7b4e93-08.png,1,255.15686274509807,1739.7058823529412,1090.2156862745098,1925.2745098039218
TRAIN,images/da409247-26.png,0,12.466666666666667,127.6,220.00000000000003,244.93333333333334
TRAIN,images/0915153d-21.png,0,7.529411764705883,401.56862745098044,340.07843137254906,451.7647058823529
TRAIN,images/e5d4b88a-15.png,1,139.4823529411765,792.1882352941178,627.6705882352942,1069.364705882353
TRAIN,images/0b235d00-41_1.png,1,375.55555555555554,248.8888888888889,722.2222222222222,382.2222222222223
TRAIN,images/6186fc00-81.png,1,103.73856209150328,519.5294117647059,347.1895424836601,583.9477124183006
TRAIN,images/caa9851b-71.png,1,532.7477124183007,596.9986928104576,1003.921568627451,693.3751633986928
TRAIN,images/3880651e-82.png,0,12.977777777777778,379.4091503267974,149.62614379084968,425.97647058823526
TRAIN,images/b502dace-78.png,0,15.92156862745098,1171.827450980392,999.8745098039215,1289.6470588235295
TRAIN,images/1053c27c-4.png,0,115.09019607843136,884.1019607843135,575.4509803921568,1018.3738562091502
TRAIN,images/ff66e841-59.png,0,268.8705882352942,2188.8823529411766,1685.6117647058825,2578.3999999999996
TRAIN,images/a8603449-34.png,0,17.56862745098039,81.98692810457516,221.6993464052287,119.63398692810458
TRAIN,images/a5f0529d-90.png,0,96.00915032679737,123.78039215686275,166.62745098039215,182.4967320261438
TRAIN,images/709b81a4-07.png,0,91.09803921568627,819.8823529411765,574.313725490196,897.1176470588235
TRAIN,images/7fbe1cb1-18.png,1,637.4901960784314,13.385620915032678,963.7647058823529,97.04575163398688
TRAIN,images/a6940d42-01.png,1,216.4117647058822,516.0588235294119,787.9607843137259,645.5359477124184
TRAIN,images/9a718eef-36.png,1,69.33333333333333,241.77777777777777,441.77777777777777,301.3333333333333
TRAIN,images/c0ddbf3d-80.png,0,195.8470588235294,332.7294117647059,545.4235294117648,412.7529411764706
TRAIN,images/f480c66f-49.png,0,41.39607843137255,678.2588235294114,289.7725490196078,786.5254901960778
TRAIN,images/b3d29a1d-2.png,0,97.6470588235294,67.26797385620915,452.4313725490196,158.40522875816993
TRAIN,images/a8603449-34.png,0,10.039215686274508,446.7450980392157,244.28758169934636,515.3464052287582
TRAIN,images/28885e3c-76.png,1,610.486274509804,312.2222222222223,786.0653594771243,383.4823529411765
TRAIN,images/5c388112-6.png,0,104.0,666.0,338.0,749.9999999999999
TRAIN,images/e38f29bf-22.png,0,53.05098039215687,193.35686274509814,233.843137254902,231.7490196078429
TRAIN,images/286dcdd9-19.png,0,20.61176470588235,377.8823529411764,151.15294117647056,427.50326797385617
TRAIN,images/97015db7-43.png,1,404.2117647058824,635.8941176470588,552.094117647059,686.8313725490192
TRAIN,images/d045ea2b-32.png,0,61.96078431372549,70.22222222222223,238.54901960784315,120.82352941176472
TRAIN,images/7e7b4e93-08.png,0,172.31372549019608,1371.8823529411766,927.8431372549021,1574.0196078431372
TRAIN,images/acd3a0c5-50.png,0,22.74509803921569,72.54901960784314,148.62745098039218,134.50980392156865
TRAIN,images/f111c613-09.png,0,140.2143790849673,322.0549019607844,926.7294117647058,626.5830065359478
TRAIN,images/45e6643b-20.png,1,317.9882352941176,189.52941176470588,878.1529411764704,305.3529411764706
TRAIN,images/87a96006-70.png,1,665.521568627451,789.7098039215686,1101.7725490196078,923.4509803921568
TRAIN,images/7d6ed8ea-61.png,1,456.57516339869267,337.8039215686274,626.2483660130717,398.73202614379073
TRAIN,images/b2cd1c69-12.png,0,27.63398692810457,604.0,540.8366013071895,739.2091503267973
TRAIN,images/630759f1-92.png,0,84.83660130718953,278.2640522875817,269.7803921568627,317.2888888888889
TRAIN,images/50cd31d8-33.png,0,11.555555555555557,254.22222222222223,320.8888888888889,299.55555555555554
TRAIN,images/7fbe1cb1-18.png,0,112.10457516339869,120.47058823529413,650.875816993464,197.43790849673204
TRAIN,images/a1ff0dd1-72.png,1,311.1346405228759,83.03006535947712,399.63921568627455,135.03790849673206
TRAIN,images/3fd05958-14.png,0,22.142483660130715,647.2418300653593,279.33594771241826,708.559477124183
TRAIN,images/c58fc79d-37.png,0,93.71895424836592,103.81176470588238,524.8261437908499,258.0875816993463
TRAIN,images/9a718eef-36.png,0,21.333333333333336,611.5555555555557,382.22222222222223,672.0000000000001
TRAIN,images/f313aef6-75.png,1,304.6509803921569,548.6993464052288,951.6248366013074,645.3359477124183
TRAIN,images/a8603449-34.png,0,6.69281045751634,288.62745098039215,128.83660130718954,328.78431372549016
TRAIN,images/9a718eef-36.png,0,20.444444444444443,114.66666666666669,381.3333333333333,168.00000000000003
TRAIN,images/3d44f2f9-87.png,1,358.2352941176471,488.62745098039215,619.0196078431372,583.3333333333334
TRAIN,images/70959e8e-40.png,0,19.50326797385621,550.9673202614381,237.9398692810458,625.0797385620916
TRAIN,images/31620f93-45.png,0,25.411764705882355,722.8235294117646,951.5294117647059,934.5882352941178
TRAIN,images/78f5d4c7-52.png,1,382.28496732026144,324.4392156862745,466.53856209150325,381.02745098039213
TRAIN,images/34fd9cdc-55.png,1,150.50980392156865,1186.2549019607843,669.3725490196077,1259.5294117647059
TRAIN,images/a465fe75-13.png,0,27.252287581699342,618.2862745098039,250.3803921568627,677.9006535947711
TRAIN,images/5e1264d8-31.png,0,204.81568627450983,1281.6496732026144,1200.964705882353,1539.2209150326796
TRAIN,images/5f0b3013-04.png,1,161.66797385620916,549.3411764705883,692.8627450980392,686.2640522875816
TRAIN,images/b8dea360-17.png,0,31.145098039215686,299.9764705882353,463.89803921568625,404.8862745098039
TRAIN,images/e38f29bf-22.png,0,48.86274509803921,343.43529411764706,326.6823529411764,379.0352941176471
TRAIN,images/7e7b4e93-08.png,0,155.7450980392157,1570.7058823529412,357.88235294117646,1696.627450980392
TRAIN,images/b794eae4-79.png,0,15.058823529411763,1400.470588235294,361.4117647058823,1518.4313725490194
TRAIN,images/0b235d00-41_1.png,0,113.33333333333331,1135.5555555555554,544.4444444444443,1228.888888888889
TRAIN,images/8b42b15b-77.png,0,22.588235294117645,722.8235294117646,948.7058823529413,926.1176470588235
TRAIN,images/14d7e2fd-46.png,0,19.764705882352942,1459.764705882353,225.88235294117646,1564.235294117647
TRAIN,images/569b94f5-62.png,1,79.68627450980392,583.7019607843139,458.1960784313726,647.4509803921569
TRAIN,images/78f5d4c7-52.png,0,11.317647058823527,255.27581699346408,118.20653594771241,309.34901960784316
TRAIN,images/7483acd8-16.png,1,617.3725490196077,527.1411764705882,690.1908496732024,599.959477124183
TRAIN,images/50cd31d8-33.png,1,71.11111111111111,308.44444444444446,440.8888888888888,345.77777777777777
TRAIN,images/7fbe1cb1-18.png,1,552.156862745098,222.53594771241828,960.4183006535949,311.2156862745098
TRAIN,images/34fd9cdc-55.png,1,233.68627450980395,920.8823529411764,661.4509803921569,988.2156862745096
TRAIN,images/d045ea2b-32.png,0,60.928104575163395,194.14379084967317,181.7516339869281,240.61437908496728
TRAIN,images/0c708427-7.png,0,2.4313725490196076,219.43137254901976,276.5686274509803,280.21568627450995
TRAIN,images/05c7e506-65.png,1,432.53594771241836,814.6535947712417,595.7320261437909,882.3202614379085
TRAIN,images/ff66e841-59.png,1,554.9764705882353,1009.9882352941178,1909.670588235294,1234.0470588235294
TRAIN,images/041cdc76-1.png,1,984.3137254901961,2192.156862745098,1611.7647058823527,2407.843137254902
TRAIN,images/569b94f5-62.png,1,89.64705882352942,1027.9529411764706,617.5686274509806,1093.6941176470589
TRAIN,images/14d7e2fd-46.png,1,570.3529411764706,1366.5882352941176,1072.9411764705883,1465.4117647058824
TRAIN,images/709b81a4-07.png,0,97.03921568627452,499.05882352941177,501.0392156862745,576.2941176470589
TRAIN,images/029ac730-35.png,1,266.964705882353,367.6235294117647,502.2,409.2
TRAIN,images/a5f0529d-90.png,0,92.04183006535948,195.98562091503265,440.3725490196078,255.49542483660127
TRAIN,images/e201e475-63.png,1,168.66666666666663,180.3921568627451,336.88235294117646,243.98039215686276
TRAIN,images/286dcdd9-19.png,1,285.5111111111111,218.33202614379087,585.5267973856209,262.6091503267974
TRAIN,images/0915153d-21.png,1,203.2941176470588,244.70588235294116,637.4901960784314,385.2549019607843
TRAIN,images/080f97f7-85.png,1,51.470588235294116,57.35294117647059,223.82352941176472,99.41176470588235
TRAIN,images/19d14fc5-47.png,0,43.05098039215685,203.51372549019604,357.45359477124185,264.82875816993464
TRAIN,images/7416a253-68.png,0,581.368515931172,173.75302807495845,725.1772750641845,217.15123445123325
TRAIN,images/041cdc76-1.png,1,1125.4901960784314,1992.156862745098,1580.3921568627447,2200.0
TRAIN,images/569b94f5-62.png,1,81.67843137254903,332.6901960784314,384.486274509804,394.4470588235295
TRAIN,images/97015db7-43.png,1,354.9176470588235,368.0627450980392,545.521568627451,417.35686274509794
TRAIN,images/97015db7-43.png,0,88.72941176470587,1010.5294117647059,547.164705882353,1089.4
TRAIN,images/709b81a4-07.png,1,120.80392156862744,693.1372549019609,677.2941176470588,804.0392156862746
TRAIN,images/0b235d00-41_1.png,0,108.88888888888889,562.2222222222222,506.66666666666674,686.6666666666666
TRAIN,images/c3f36d98-42.png,0,54.42352941176471,542.2196078431373,144.12156862745098,580.5176470588235
TRAIN,images/9a718eef-36.png,0,8.888888888888888,419.55555555555554,379.55555555555554,474.66666666666663
TRAIN,images/ce8d4372-54.png,1,302.8235294117647,360.94117647058823,1052.2352941176468,513.8823529411765
TRAIN,images/1f9143c9-86.png,1,719.4771241830065,524.9673202614379,1102.2222222222222,585.6209150326797
TRAIN,images/a465fe75-13.png,0,22.142483660130715,168.62352941176468,335.54379084967314,228.23790849673196
TRAIN,images/4696eada-51.png,0,58.101960784313725,562.8627450980391,283.2470588235294,682.6980392156861
TRAIN,images/f480c66f-49.png,1,700.5490196078432,1245.066666666667,1095.4039215686278,1359.7019607843142
TRAIN,images/31620f93-45.png,0,8.470588235294114,231.52941176470588,273.8823529411764,335.99999999999994
TRAIN,images/b794eae4-79.png,1,220.86274509803923,863.372549019608,1049.0980392156862,1402.9803921568628
TRAIN,images/b502dace-78.png,0,22.29019607843137,773.7882352941176,990.321568627451,942.5568627450982
TRAIN,images/bfd612be-53.png,1,124.00522875816992,66.43137254901961,158.22745098039218,82.93856209150327
TRAIN,images/caa9851b-71.png,0,133.8562091503268,1135.1006535947713,851.3254901960784,1236.8313725490195
TRAIN,images/0b235d00-41_1.png,1,475.55555555555554,964.4444444444438,764.4444444444443,1066.666666666666
TRAIN,images/3fd05958-14.png,1,160.10718954248364,720.4823529411764,579.1111111111111,820.9751633986926
TRAIN,images/31620f93-45.png,0,14.117647058823529,1250.8235294117649,869.6470588235294,1502.1176470588234
TRAIN,images/7416a253-68.png,0,648.6325242696416,463.47685776906417,733.175984675261,510.5394583835585
TRAIN,images/70959e8e-40.png,1,128.72156862745098,470.02875816993475,406.64313725490206,545.1163398692811
TRAIN,images/caa9851b-71.png,0,125.82483660130718,795.1058823529413,361.4117647058823,899.5137254901961
TRAIN,images/34b3b9a8-13_1.png,0,31.84313725490196,1165.4588235294116,312.06274509803916,1283.2784313725494
TRAIN,images/05c7e506-65.png,0,78.28104575163398,480.30065359477123,411.30718954248374,557.2549019607844
TRAIN,images/d045ea2b-32.png,0,64.02614379084964,625.8039215686275,246.8104575163399,671.2418300653591
TRAIN,images/e6adbe2b-91.png,1,188.40130718954245,712.5673202614379,628.6261437908498,787.1816993464053
TRAIN,images/50cd31d8-33.png,0,9.777777777777777,7.11111111111111,170.66666666666663,48.88888888888888
TRAIN,images/024e4188-06.png,1,144.44444444444446,496.2091503267974,593.0718954248366,582.875816993464
TRAIN,images/5f0b3013-04.png,1,168.26666666666668,153.41960784313724,687.913725490196,262.2980392156863
TRAIN,images/7fbe1cb1-18.png,0,108.75816993464048,530.40522875817,734.5359477124181,664.2614379084968
TRAIN,images/8b42b15b-77.png,0,22.588235294117645,1027.764705882353,753.8823529411765,1135.058823529412
TRAIN,images/d045ea2b-32.png,1,335.6209150326797,255.07189542483658,504.9803921568627,304.640522875817
TRAIN,images/8fff6390-02.png,0,85.15686274509804,806.0196078431374,604.0196078431374,916.921568627451
TRAIN,images/6186fc00-81.png,0,10.039215686274508,445.07189542483655,241.7777777777778,509.4901960784314
TRAIN,images/a8603449-34.png,0,8.366013071895425,330.4575163398693,279.42483660130716,394.875816993464
TRAIN,images/a5f0529d-90.png,0,99.9764705882353,344.36339869281045,454.65490196078434,407.04705882352937
TRAIN,images/a6940d42-01.png,1,216.4117647058824,1130.1503267973858,780.562091503268,1294.7712418300662
TRAIN,images/709b81a4-07.png,0,95.05882352941177,582.2352941176472,510.9411764705883,671.3529411764706
TRAIN,images/f480c66f-49.png,1,827.921568627451,2006.1176470588232,1098.5882352941178,2120.7529411764704
TRAIN,images/7fbe1cb1-18.png,0,117.12418300653593,880.1045751633987,806.483660130719,1268.2875816993464
TRAIN,images/e5d4b88a-15.png,1,416.65882352941173,1074.7294117647043,627.6705882352941,1140.894117647057
TRAIN,images/97015db7-43.png,1,159.38431372549022,308.9098039215686,550.4509803921569,359.8470588235294
TRAIN,images/efa727b3-38.png,0,163.69542483660132,536.6509803921568,1034.4875816993463,1047.9882352941177
TRAIN,images/23f53e1d-66.png,1,148.521568627451,786.7960784313726,608.8156862745097,854.3058823529412
TRAIN,images/19d14fc5-47.png,1,230.9098039215686,273.9607843137255,452.68758169934637,319.62091503267976
TRAIN,images/a6940d42-01.png,0,123.92810457516342,750.967320261438,671.4313725490197,1045.0653594771243
TRAIN,images/97015db7-43.png,0,82.15686274509804,16.43137254901961,172.52941176470588,72.29803921568627
TRAIN,images/7fbe1cb1-18.png,1,184.05228758169935,687.6862745098039,960.418300653595,861.6993464052288
TRAIN,images/87a96006-70.png,1,726.0235294117648,1104.956862745098,1101.772549019608,1241.8823529411764
TRAIN,images/7e7b4e93-08.png,1,911.2745098039217,1931.901960784314,1086.9019607843138,2044.5686274509803
TRAIN,images/83ef9711-57.png,1,168.66666666666663,259.7647058823529,306.2156862745097,317.0392156862745
TRAIN,images/e5d4b88a-15.png,0,10.729411764705883,1155.2,282.54117647058825,1205.270588235294
TRAIN,images/3880651e-82.png,0,16.794771241830066,271.7699346405229,249.63137254901957,317.57385620915034
TRAIN,images/024e4188-06.png,0,81.56862745098039,720.5228758169935,327.9738562091503,778.3006535947712
TRAIN,images/34fd9cdc-55.png,1,124.76470588235291,701.0588235294117,671.3529411764705,800.0784313725491
TRAIN,images/0915153d-21.png,0,10.03921568627451,135.52941176470588,370.1960784313726,228.39215686274508
TRAIN,images/78f5d4c7-52.png,1,375.997385620915,186.11241830065362,466.5385620915032,238.9281045751634
TRAIN,images/e38f29bf-22.png,0,51.65490196078431,282.7058823529412,338.5490196078431,336.4549019607843
TRAIN,images/d045ea2b-32.png,0,65.05882352941177,324.2614379084967,306.7058823529411,372.797385620915
TRAIN,images/c35162b2-73.png,1,1220.7686274509804,885.4588235294118,2023.9058823529413,957.7411764705884
TRAIN,images/caa9851b-71.png,0,125.82483660130718,463.1424836601307,827.2313725490196,554.1647058823529
TRAIN,images/7483acd8-16.png,1,218.4549019607843,3.1660130718954242,688.6078431372548,112.39346405228757
TRAIN,images/9a718eef-36.png,0,19.555555555555554,530.6666666666667,385.7777777777778,607.1111111111112
TRAIN,images/87a96006-70.png,0,130.55686274509804,1366.070588235294,945.741176470588,1582.6039215686274
TRAIN,images/1053c27c-4.png,1,395.84052287581704,1107.3071895424837,716.6980392156862,1203.2156862745098
TRAIN,images/f480c66f-49.png,1,592.2823529411766,1636.7372549019608,1098.5882352941178,1745.0039215686274
TRAIN,images/041cdc76-1.png,0,254.9019607843137,2443.1372549019607,1168.627450980392,2666.6666666666665
TRAIN,images/024e4188-06.png,0,74.77124183006535,778.300653594771,275.2941176470588,841.1764705882347
TRAIN,images/cf815730-89.png,0,138.82352941176472,624.7058823529411,415.2941176470589,692.9411764705883
TRAIN,images/4a48981d-58.png,0,114.19869281045754,498.321568627451,530.4104575163399,598.3633986928105
TRAIN,images/97015db7-43.png,0,82.15686274509804,234.96862745098042,399.28235294117655,282.61960784313726
TRAIN,images/9c04e70d-05.png,1,479.2156862745097,239.6078431372549,654.3137254901959,317.94117647058823
TRAIN,images/a85ff38f-84.png,0,498.8235294117647,395.2941176470589,784.0,625.8823529411766
TRAIN,images/34b3b9a8-13_1.png,0,38.21176470588235,350.27450980392155,837.4745098039217,452.1725490196079
TRAIN,images/024e4188-06.png,0,78.16993464052287,361.9607843137255,297.38562091503263,426.5359477124183
TRAIN,images/e6adbe2b-91.png,1,190.26666666666677,1011.0248366013069,632.3568627450982,1070.7163398692812
TRAIN,images/d50e32ec-83.png,1,30.07843137254902,67.09803921568627,166.20261437908493,110.28758169934639
TRAIN,images/e1b9648f-28.png,1,207.81176470588235,756.2039215686274,798.5359477124184,871.6549019607844
TRAIN,images/1f9143c9-86.png,0,575.1633986928105,409.9346405228758,987.1895424836601,481.0457516339869
TRAIN,images/cf815730-89.png,0,141.1764705882353,510.5882352941176,268.2352941176471,554.1176470588235
TRAIN,images/3880651e-82.png,1,283.2209150326797,218.33202614379087,582.473202614379,264.89934640522875
TRAIN,images/029ac730-35.png,0,6.564705882352932,218.82352941176472,358.8705882352939,362.1529411764705
TRAIN,images/d50e32ec-83.png,1,29.307189542483638,148.07843137254906,167.359477124183,187.4117647058823
TRAIN,images/3880651e-82.png,0,12.977777777777778,132.06797385620916,417.5790849673202,206.11764705882354
TRAIN,images/14d7e2fd-46.png,0,14.117647058823529,1245.1764705882351,906.3529411764707,1352.4705882352941
TRAIN,images/9c04e70d-05.png,1,165.88235294117646,486.89542483660125,652.7777777777778,602.0915032679738
TRAIN,images/f4f8dd18-29.png,1,209.2549019607843,730.648366013072,737.6235294117647,821.3254901960785
TRAIN,images/f480c66f-49.png,1,706.9176470588235,1522.1019607843136,1079.4823529411765,1617.6313725490193
TRAIN,images/8b42b15b-77.png,1,807.5294117647059,338.8235294117647,1070.1176470588234,446.1176470588235
TRAIN,images/8f2e6fd4-25.png,1,394.85490196078433,757.8666666666667,1104.956862745098,923.4509803921569
TRAIN,images/caa9851b-71.png,1,278.4209150326797,1309.113725490196,979.8274509803921,1448.324183006536
TRAIN,images/34fd9cdc-55.png,1,297.05882352941177,998.1176470588235,671.3529411764705,1063.4705882352941
TRAIN,images/28885e3c-76.png,0,99.1764705882353,2.938562091503268,421.683660130719,68.32156862745099
TRAIN,images/e5d4b88a-15.png,0,28.61176470588235,209.22352941176473,497.1294117647059,350.49411764705883
TRAIN,images/50cd31d8-33.png,1,193.77777777777777,57.77777777777777,441.7777777777777,96.88888888888889
TRAIN,images/ba3eeb1f-9.png,1,193.5111111111111,632.5699346405229,593.5424836601306,728.5124183006537
TRAIN,images/9c04e70d-05.png,0,79.86928104575163,155.13071895424832,457.71241830065355,236.53594771241828
TRAIN,images/e38f29bf-22.png,1,140.30588235294118,388.8078431372549,387.4117647058823,439.7647058823529
TRAIN,images/569b94f5-62.png,1,87.65490196078431,844.6745098039215,617.5686274509804,1015.9999999999998
TRAIN,images/8fff6390-02.png,1,221.80392156862746,261.4117647058823,683.2352941176471,368.35294117647055
TRAIN,images/9a718eef-36.png,0,18.666666666666668,478.2222222222223,358.22222222222223,524.4444444444446
TRAIN,images/8b42b15b-77.png,0,31.058823529411764,937.4117647058824,598.5882352941177,1022.1176470588235
TRAIN,images/7416a253-68.png,0,633.1519007346304,377.528119481486,772.8265197507743,421.25659089307044
TRAIN,images/0c708427-7.png,0,2.4313725490196076,134.33333333333331,139.19607843137254,171.41176470588238
TRAIN,images/c35162b2-73.png,0,863.3725490196078,648.5333333333333,1281.0039215686274,728.8470588235293
TRAIN,images/adbe7063-56.png,0,184.25228758169933,1227.0418300653596,709.567320261438,1368.1712418300654
TRAIN,images/31620f93-45.png,1,220.23529411764702,564.7058823529412,1072.9411764705883,711.5294117647059
TRAIN,images/adbe7063-56.png,0,192.09281045751638,1830.7620915032683,615.481045751634,1952.2901960784318
TRAIN,images/e201e475-63.png,1,169.11764705882354,255.7058823529412,338.6862745098039,305.7647058823529
TRAIN,images/630759f1-92.png,0,85.68496732026144,486.962091503268,211.24313725490185,526.8352941176471
TRAIN,images/8fff6390-02.png,0,89.11764705882354,431.7254901960784,596.0980392156862,536.686274509804
TRAIN,images/c3f36d98-42.png,1,295.29803921568623,263.0470588235294,347.70588235294116,302.3529411764706
TRAIN,images/ba3eeb1f-9.png,1,478.0862745098036,1047.2366013071894,577.2810457516337,1102.5254901960782
TRAIN,images/70959e8e-40.png,1,154.07581699346406,146.27450980392157,408.5934640522877,203.8091503267974
TRAIN,images/5c388112-6.png,0,121.0,261.99999999999915,338.99999999999955,343.99999999999915
TRAIN,images/a6940d42-01.png,1,471.66666666666674,430.9738562091503,760.21568627451,488.31372549019613
TRAIN,images/9a718eef-36.png,1,109.33333333333334,362.66666666666674,434.66666666666663,411.5555555555556
TRAIN,images/569b94f5-62.png,1,87.65490196078431,260.9725490196078,243.04313725490198,324.72156862745095
TRAIN,images/a8603449-34.png,1,105.41176470588236,519.5294117647059,350.5359477124183,585.6209150326797
TRAIN,images/a6940d42-01.png,1,227.50980392156865,192.36601307189542,738.0196078431374,294.0980392156863
TRAIN,images/024e4188-06.png,0,81.56862745098039,290.5882352941177,407.8431372549019,355.16339869281046
TRAIN,images/b794eae4-79.png,0,17.56862745098039,250.98039215686276,835.764705882353,394.0392156862745
TRAIN,images/5998be50-69.png,1,370.19607843137265,185.09803921568619,1106.40522875817,306.40522875816987
TRAIN,images/1f9143c9-86.png,1,911.8954248366013,688.1045751633987,1100.1307189542483,759.2156862745097
TRAIN,images/3fd05958-14.png,0,23.845751633986925,826.0849673202614,441.14640522875817,926.5777777777778
TRAIN,images/3fd05958-14.png,1,327.02745098039213,577.4078431372549,584.2209150326796,642.1320261437908
TRAIN,images/e6adbe2b-91.png,1,39.17254901960784,203.32418300653592,624.8954248366013,307.78431372549016
TRAIN,images/adbe7063-56.png,1,552.7568627450981,948.7032679738564,1332.8888888888891,1085.9124183006538
TRAIN,images/3fd05958-14.png,0,28.955555555555552,185.65620915032676,427.5202614379085,492.2444444444443
TRAIN,images/5f0b3013-04.png,1,163.31764705882352,879.275816993464,691.2130718954247,978.2562091503269
TRAIN,images/8f2e6fd4-25.png,0,31.843137254901947,948.9254901960779,792.8941176470584,1152.7215686274508
TRAIN,images/ce8d4372-54.png,0,48.941176470588246,532.2352941176471,804.4705882352941,746.3529411764705
TRAIN,images/50cd31d8-33.png,1,197.33333333333331,207.1111111111111,436.4444444444444,248.88888888888886
TRAIN,images/7483acd8-16.png,0,15.830065359477123,284.94117647058823,462.23790849673196,359.34248366013077
TRAIN,images/34b3b9a8-13_1.png,1,331.1686274509804,474.46274509803925,1095.4039215686273,773.7882352941176
TRAIN,images/34fd9cdc-55.png,1,457.47058823529414,340.62745098039215,671.3529411764705,421.8235294117647
TRAIN,images/31620f93-45.png,1,810.3529411764706,341.6470588235294,1072.9411764705883,446.1176470588235
TRAIN,images/f111c613-09.png,0,140.2143790849673,1353.9450980392157,609.0562091503268,1474.4418300653597
TRAIN,images/50cd31d8-33.png,0,9.777777777777777,452.4444444444444,384.88888888888886,523.5555555555557
TRAIN,images/7483acd8-16.png,1,202.62483660130718,1009.9581699346406,691.7738562091504,1160.3437908496733
TRAIN,images/569b94f5-62.png,1,81.67843137254903,651.435294117647,567.7647058823529,717.1764705882352
TRAIN,images/569b94f5-62.png,0,312.76862745098043,408.3921568627451,685.3019607843138,488.078431372549
TRAIN,images/ce8d4372-54.png,0,36.705882352941174,767.7647058823528,813.6470588235293,1269.4117647058822
TRAIN,images/7fbe1cb1-18.png,0,102.06535947712422,426.6666666666666,274.4052287581699,511.99999999999983
TRAIN,images/5e1264d8-31.png,1,583.4143790849673,449.9738562091503,1526.807843137255,633.0666666666666
TRAIN,images/a465fe75-13.png,0,15.329411764705881,984.4888888888887,199.28235294117644,1038.9934640522874
TRAIN,images/8f2e6fd4-25.png,0,47.764705882352935,366.19607843137254,847.0274509803922,732.3921568627451
TRAIN,images/e1b9648f-28.png,0,30.786928104575164,415.6235294117647,138.54117647058823,494.5150326797386
TRAIN,images/31620f93-45.png,1,110.11764705882351,1521.8823529411766,1067.2941176470588,1716.7058823529412
TRAIN,images/3fd05958-14.png,1,340.6535947712418,938.5006535947709,580.8143790849672,998.1150326797382
TRAIN,images/1f9143c9-86.png,0,583.5294117647059,790.5882352941176,960.0,851.2418300653594
TRAIN,images/f111c613-09.png,0,148.97777777777776,205.93986928104573,291.38300653594763,326.43660130718956
TRAIN,images/1053c27c-4.png,1,460.36078431372545,707.9790849673204,709.7228758169933,798.656209150327
TRAIN,images/c0ddbf3d-80.png,1,317.9882352941176,431.7058823529412,869.7294117647059,690.7294117647059
TRAIN,images/024e4188-06.png,0,76.47058823529402,650.8496732026141,307.5816993464052,715.4248366013069
TRAIN,images/c35162b2-73.png,0,859.356862745098,327.278431372549,1829.1450980392156,411.6078431372549
TRAIN,images/03db6a46-39.png,0,111.60261437908495,486.5176470588235,629.5084967320262,610.3267973856209
TRAIN,images/19d14fc5-47.png,1,140.8941176470588,169.59477124183005,455.2967320261438,195.68627450980392
TRAIN,images/7e7b4e93-08.png,1,576.5882352941176,1199.5686274509796,1120.0392156862742,1328.8039215686276
TRAIN,images/c3f36d98-42.png,1,202.57647058823528,457.56078431372555,347.70588235294116,498.88235294117646
TRAIN,images/5f0b3013-04.png,0,89.08235294117647,765.4483660130719,613.6784313725491,869.3777777777777
TRAIN,images/fea531a4-30.png,0,103.00790513833991,147.69169960474306,222.00790513833994,218.71541501976264
TRAIN,images/87a96006-70.png,1,738.7607843137255,1923.3254901960786,1114.5098039215686,2053.8823529411766
TRAIN,images/a6940d42-01.png,0,122.07843137254903,319.9934640522876,307.04575163398704,405.0784313725491
TRAIN,images/78f5d4c7-52.png,1,266.5934640522876,755.767320261438,474.08366013071895,812.3555555555556
TRAIN,images/d045ea2b-32.png,0,57.83006535947712,502.9150326797385,152.8366013071895,551.4509803921568
TRAIN,images/630759f1-92.png,0,84.83660130718953,446.24052287581696,300.321568627451,482.7202614379085
TRAIN,images/97015db7-43.png,0,85.44313725490196,768.9882352941177,412.4274509803921,819.9254901960784
TRAIN,images/f313aef6-75.png,1,543.7856209150327,99.91241830065358,951.6248366013072,193.2732026143791
TRAIN,images/50cd31d8-33.png,0,10.666666666666664,102.22222222222223,303.11111111111114,143.11111111111111
TRAIN,images/03db6a46-39.png,1,127.2967320261438,146.478431372549,641.7150326797387,324.34509803921566
TRAIN,images/a8603449-34.png,0,8.366013071895425,172.33986928104576,279.42483660130716,235.08496732026148
TRAIN,images/87a96006-70.png,0,136.92549019607844,983.9529411764705,843.8431372549023,1098.5882352941173
TRAIN,images/a465fe75-13.png,1,148.1843137254902,810.7555555555555,585.9241830065359,911.2483660130716
TRAIN,images/b8dea360-17.png,1,208.18039215686275,947.4666666666667,634.3764705882353,1154.007843137255
TRAIN,images/70959e8e-40.png,1,127.74640522875818,305.22614379084973,406.643137254902,382.2640522875818
TRAIN,images/024e4188-06.png,0,78.16993464052287,982.2222222222222,234.50980392156862,1034.9019607843136
TRAIN,images/97015db7-43.png,1,468.2941176470589,93.65882352941176,553.7372549019608,149.5254901960784
TRAIN,images/5e1264d8-31.png,0,204.81568627450983,1570.2535947712418,409.63137254901955,1737.8300653594774
TRAIN,images/5e1264d8-31.png,0,217.22875816993465,1101.6601307189542,1275.443137254902,1269.2366013071896
TRAIN,images/0b235d00-41_1.png,0,113.33333333333331,1242.2222222222222,586.6666666666667,1406.6666666666665
TRAIN,images/fd453f12-44.png,1,98.19607843137254,328.956862745098,551.5346405228757,603.9058823529411
TRAIN,images/a465fe75-13.png,0,18.735947712418298,739.2183006535946,345.7633986928105,803.9424836601306
TRAIN,images/fea531a4-30.png,1,250.6,69.53333333333335,579.1333333333333,139.53333333333336
TRAIN,images/6186fc00-81.png,0,7.5294117647058805,171.5032679738562,276.91503267973854,235.08496732026146
TRAIN,images/fd453f12-44.png,1,103.10588235294117,608.8156862745097,553.1712418300654,777.3856209150326
TRAIN,images/b502dace-78.png,0,15.92156862745098,655.9686274509804,439.43529411764706,757.8666666666667
TRAIN,images/029ac730-35.png,0,13.129411764705884,101.75294117647057,319.4823529411765,163.0235294117647
TRAIN,images/9c04e70d-05.png,0,76.79738562091502,324.0849673202614,531.4379084967321,442.3529411764705
TRAIN,images/edeffb99-64.png,1,330.43137254901967,553.8823529411762,636.7058823529412,642.7450980392153
TRAIN,images/a1ff0dd1-72.png,1,89.4169934640523,198.90718954248365,402.3764705882354,298.3607843137255
TRAIN,images/23f53e1d-66.png,0,81.01176470588236,640.7294117647059,546.2156862745098,767.156862745098
TRAIN,images/b2cd1c69-12.png,0,30.594771241830063,209.22875816993465,485.5686274509804,276.3398692810457
TRAIN,images/8b42b15b-77.png,0,25.411764705882355,1256.4705882352944,866.8235294117645,1490.8235294117649
TRAIN,images/45e6643b-20.png,0,197.95294117647055,707.5764705882352,764.4352941176468,886.5764705882352
TRAIN,images/9a718eef-36.png,1,74.66666666666667,304.8888888888889,435.5555555555556,358.2222222222223
TRAIN,images/9a718eef-36.png,0,10.666666666666668,55.111111111111114,336.0,112.0
TRAIN,images/5f0b3013-04.png,0,85.78300653594769,1191.0640522875815,379.4248366013072,1255.4013071895424
TRAIN,images/f03b07a0-24.png,1,189.23921568627455,468.16993464052285,732.316339869281,580.5307189542484
TRAIN,images/14d7e2fd-46.png,1,321.88235294117646,1685.6470588235295,1072.9411764705883,1787.2941176470586
TRAIN,images/66b3e1a3-03.png,1,169.1124183006536,446.65098039215684,685.3503267973856,547.7947712418301
TRAIN,images/78f5d4c7-52.png,0,15.090196078431372,823.673202614379,108.14640522875817,881.518954248366
TRAIN,images/569b94f5-62.png,1,85.66274509803921,729.1294117647059,573.7411764705884,828.7372549019608
TRAIN,images/60fb8157-41.png,1,402.875816993464,648.1045751633987,799.1830065359477,742.2549019607843
TRAIN,images/f03b07a0-24.png,0,34.49673202614379,614.0418300653595,547.0196078431374,681.0640522875818
TRAIN,images/b3d29a1d-2.png,0,95.47712418300654,392.7581699346405,569.6078431372548,518.6143790849674
TRAIN,images/029ac730-35.png,1,166.30588235294115,594.1058823529412,503.2941176470588,661.9411764705883
TRAIN,images/630759f1-92.png,1,154.40261437908495,139.13202614379068,382.6130718954247,196.82091503267955
TRAIN,images/a465fe75-13.png,1,267.41307189542476,1049.2130718954247,585.9241830065358,1108.8274509803919
TRAIN,images/024e4188-06.png,1,142.74509803921566,200.52287581699346,594.7712418300653,293.98692810457516
TRAIN,images/f03b07a0-24.png,0,25.626143790849675,304.55686274509804,395.23398692810457,374.5359477124183
TRAIN,images/7483acd8-16.png,0,14.247058823529409,201.04183006535948,240.61699346405226,280.19215686274515
TRAIN,images/7fbe1cb1-18.png,1,587.2941176470589,332.9673202614379,960.418300653595,416.6274509803921
TRAIN,images/0b235d00-41_1.png,0,102.22222222222223,455.55555555555554,388.8888888888889,546.6666666666666
TRAIN,images/9ec9bb61-8.png,1,194.00000000000003,211.11764705882354,752.5424836601308,346.156862745098
TRAIN,images/34fd9cdc-55.png,1,598.0784313725491,251.5098039215686,671.3529411764706,326.7647058823529
TRAIN,images/0da4b8fb-10.png,0,80.70588235294119,617.4640522875817,476.5490196078431,757.0980392156864
TRAIN,images/31620f93-45.png,0,5.647058823529411,1039.0588235294117,753.8823529411764,1137.8823529411766
TRAIN,images/d50e32ec-83.png,0,4.627450980392157,188.18300653594767,66.71241830065358,207.46405228758164
TRAIN,images/b8dea360-17.png,0,32.78431372549019,652.407843137255,444.22745098039206,740.9254901960785
TRAIN,images/7416a253-68.png,1,717.1901148605373,189.70114493624354,922.1524804100557,240.52360234672273
TRAIN,images/cf815730-89.png,1,372.94117647058823,564.7058823529411,455.2941176470588,610.5882352941176
TRAIN,images/e1b9648f-28.png,0,26.938562091503268,665.767320261438,344.42875816993467,738.886274509804
TRAIN,images/d045ea2b-32.png,1,137.34640522875816,563.843137254902,502.9150326797386,617.5424836601308
TRAIN,images/9a718eef-36.png,1,192.8888888888889,10.666666666666668,440.8888888888889,51.55555555555556
TRAIN,images/f111c613-09.png,1,148.97777777777776,988.0732026143792,1040.6535947712418,1303.5555555555557
TRAIN,images/5f0b3013-04.png,1,252.4,984.8549019607843,694.5124183006536,1055.7908496732025
TRAIN,images/5e1264d8-31.png,0,214.12549019607843,667.2026143790849,477.90326797385626,840.9856209150327
TRAIN,images/adbe7063-56.png,1,301.8601307189543,1423.0549019607847,1336.8091503267976,1634.7490196078434
TRAIN,images/caa9851b-71.png,1,289.12941176470594,1440.2928104575165,998.5673202614375,1590.211764705882
TRAIN,images/5998be50-69.png,0,99.34640522875817,345.0980392156863,329.4117647058824,464.31372549019613
TRAIN,images/b8dea360-17.png,0,29.505882352941175,829.4431372549018,463.89803921568625,934.3529411764706
TRAIN,images/c3f36d98-42.png,0,46.36078431372549,384.9960784313725,329.56470588235294,446.4745098039216
TRAIN,images/c58fc79d-37.png,0,89.39346405228757,366.2248366013071,263.85490196078433,445.5254901960784
TRAIN,images/e1b9648f-28.png,1,413.6993464052287,579.1790849673203,804.308496732026,654.2222222222222
TRAIN,images/cf815730-89.png,1,182.3529411764706,412.94117647058823,458.8235294117647,492.9411764705883
TRAIN,images/e5d4b88a-15.png,0,19.67058823529412,559.7176470588234,246.77647058823533,627.6705882352941
TRAIN,images/05c7e506-65.png,0,79.6078431372549,212.28758169934642,305.16339869281046,265.35947712418306
TRAIN,images/50cd31d8-33.png,0,13.333333333333332,357.33333333333337,231.99999999999997,395.5555555555556
TRAIN,images/fd453f12-44.png,1,258.58300653594773,276.5856209150327,558.0810457516338,322.4104575163398
TRAIN,images/709b81a4-07.png,1,227.7450980392157,912.9607843137254,657.4901960784314,992.1764705882351
TRAIN,images/8b42b15b-77.png,1,223.05882352941174,561.8823529411766,1070.1176470588236,708.7058823529412
TRAIN,images/0af81516-27.png,0,40.8875816993464,217.62745098039215,592.2104575163398,625.1843137254903
TRAIN,images/a85ff38f-84.png,0,491.2941176470588,136.47058823529412,786.8235294117648,283.29411764705884
TRAIN,images/569b94f5-62.png,0,376.51764705882357,1163.419607843137,683.3098039215687,1229.1607843137253
TRAIN,images/f111c613-09.png,1,308.9098039215686,753.6522875816994,1029.6993464052289,869.767320261438
TRAIN,images/97015db7-43.png,1,190.60392156862747,571.8117647058824,555.3803921568629,626.0352941176471
TRAIN,images/1f9143c9-86.png,0,568.8888888888889,960.0,901.437908496732,1022.7450980392156
TRAIN,images/78f5d4c7-52.png,1,148.38692810457513,516.8392156862745,466.5385620915032,599.8352941176471
TRAIN,images/024e4188-06.png,1,385.7516339869281,423.1372549019608,593.0718954248366,491.11111111111114
TRAIN,images/23f53e1d-66.png,1,136.24705882352941,553.5803921568628,622.3176470588235,623.5450980392156
TRAIN,images/93f24426-88.png,0,57.91372549019607,204.9254901960784,429.15555555555557,288.08366013071895
TRAIN,images/34b3b9a8-13_1.png,1,569.9921568627451,993.5058823529412,1095.4039215686275,1104.956862745098
TRAIN,images/b3d29a1d-2.png,1,224.58823529411765,181.18954248366015,671.5947712418301,309.21568627450984
TRAIN,images/9c04e70d-05.png,0,78.33333333333331,634.3464052287582,195.0653594771241,711.1437908496732
TRAIN,images/93f24426-88.png,1,167.80130718954248,294.02352941176474,550.9228758169935,442.5202614379085
TRAIN,images/286dcdd9-19.png,0,14.504575163398695,270.24313725490197,249.63137254901963,317.57385620915034
TRAIN,images/e5d4b88a-15.png,1,139.4823529411765,443.48235294117643,629.4588235294118,556.1411764705882
TRAIN,images/19d14fc5-47.png,0,40.441830065359476,465.7333333333333,347.01699346405223,528.3529411764706
TRAIN,images/b502dace-78.png,0,19.105882352941176,410.7764705882353,448.9882352941176,525.4117647058824
TRAIN,images/66b3e1a3-03.png,0,90.6248366013072,325.27843137254905,528.3751633986928,387.5830065359477
TRAIN,images/e1b9648f-28.png,1,627.2836601307187,330.95947712418297,800.4601307189539,406.00261437908495
TRAIN,images/e5d4b88a-15.png,0,16.094117647058823,363.0117647058824,218.1647058823529,427.38823529411764
TRAIN,images/a8603449-34.png,1,191.58169934640526,122.98039215686272,349.69934640522865,168.9934640522875
TRAIN,images/f4f8dd18-29.png,0,27.90065359477124,132.5281045751634,535.3437908496732,244.13071895424838
TRAIN,images/6186fc00-81.png,0,7.5294117647058805,285.281045751634,131.34640522875816,328.78431372549016
TRAIN,images/024e4188-06.png,1,237.90849673202615,1034.9019607843138,589.6732026143791,1107.9738562091504
TRAIN,images/d045ea2b-32.png,1,271.5947712418301,131.15032679738562,502.91503267973854,182.7843137254902
TRAIN,images/f480c66f-49.png,0,31.84313725490196,1385.1764705882351,267.4823529411765,1496.627450980392
TRAIN,images/e6adbe2b-91.png,0,95.13333333333334,399.1869281045752,550.281045751634,505.5124183006537
TRAIN,images/630759f1-92.png,0,89.078431372549,240.0875816993464,237.54248366013073,275.718954248366
TRAIN,images/7416a253-68.png,0,603.2291500914686,259.1060261189206,715.9928477017042,299.3010410902492
TRAIN,images/7483acd8-16.png,0,12.664052287581699,927.6418300653597,137.72156862745095,998.8771241830066
TRAIN,images/50cd31d8-33.png,0,23.111111111111114,530.6666666666667,375.1111111111111,576.8888888888889
TRAIN,images/fd453f12-44.png,1,112.92549019607841,101.46928104575163,551.5346405228757,211.12156862745098
TRAIN,images/f4f8dd18-29.png,0,22.669281045751635,381.8901960784313,568.475816993464,667.8718954248366
TRAIN,images/b794eae4-79.png,1,702.7450980392157,612.3921568627451,1054.1176470588236,712.7843137254903
TRAIN,images/b2cd1c69-12.png,0,27.63398692810457,366.1503267973856,277.32679738562086,428.3267973856209
TRAIN,images/8b42b15b-77.png,0,2.8235294117647056,228.70588235294116,282.3529411764706,338.8235294117647
TRAIN,images/080f97f7-85.png,1,139.41176470588235,117.64705882352942,225.0,148.52941176470586
TRAIN,images/0915153d-21.png,0,8.784313725490197,628.7058823529411,405.3333333333333,681.4117647058823
TRAIN,images/f4f8dd18-29.png,0,17.437908496732025,823.0692810457517,568.475816993464,1107.3071895424837
TRAIN,images/a85ff38f-84.png,1,495.0588235294118,297.4117647058823,784.0000000000001,388.7058823529412
TRAIN,images/286dcdd9-19.png,0,13.741176470588234,132.06797385620916,418.3424836601307,209.93464052287584
TRAIN,images/286dcdd9-19.png,1,298.4888888888889,325.2078431372549,586.2901960784313,371.77516339869277
TRAIN,images/0da4b8fb-10.png,1,144.7581699346405,441.9607843137255,559.8169934640523,543.1633986928105
TRAIN,images/5f0b3013-04.png,0,87.43267973856207,691.2130718954248,509.7490196078432,763.7986928104577
TRAIN,images/e5d4b88a-15.png,1,134.11764705882354,103.71764705882353,629.4588235294118,194.91764705882355
TRAIN,images/5e1264d8-31.png,1,595.8274509803922,884.4313725490197,1529.9111111111113,1058.2143790849675
TRAIN,images/f480c66f-49.png,1,862.9490196078432,433.0666666666667,1073.113725490196,541.3333333333334
TRAIN,images/31620f93-45.png,0,19.764705882352942,943.0588235294117,598.5882352941177,1030.5882352941176
TRAIN,images/70959e8e-40.png,0,16.57777777777778,390.0653594771242,281.82222222222225,458.3267973856209
TRAIN,images/84e441ac-3.png,1,324.1830065359477,579.3464052287582,836.6013071895424,807.3202614379085
TRAIN,images/66b3e1a3-03.png,1,171.53986928104575,169.92156862745097,682.9228758169935,269.4470588235294
TRAIN,images/c58fc79d-37.png,1,318.64444444444445,451.29281045751634,530.5934640522876,536.3607843137255
TRAIN,images/1c7c1b57-11.png,1,105.74640522875818,195.4300653594771,460.4653594771242,267.7124183006536
TRAIN,images/0da4b8fb-10.png,1,126.8235294117647,837.8039215686274,562.3790849673203,939.0065359477125
TRAIN,images/d50e32ec-83.png,0,3.470588235294118,113.75816993464052,136.89542483660128,146.53594771241825
TRAIN,images/569b94f5-62.png,0,434.2901960784314,1235.1372549019607,693.2705882352941,1300.878431372549
VALIDATION,images/b502dace-78.png,0,15.92156862745098,945.7411764705884,636.8627450980391,1057.1921568627452
VALIDATION,images/6186fc00-81.png,1,166.48366013071893,242.61437908496734,348.8627450980392,286.95424836601313
VALIDATION,images/0915153d-21.png,1,263.52941176470586,478.1176470588236,636.2352941176471,612.3921568627451
VALIDATION,images/d045ea2b-32.png,1,283.98692810457516,441.9869281045752,504.98039215686265,488.45751633986936
VALIDATION,images/14d7e2fd-46.png,0,5.647058823529411,971.2941176470589,499.764705882353,1081.4117647058824
VALIDATION,images/8b42b15b-77.png,1,121.41176470588236,1507.7647058823527,1075.764705882353,1716.705882352941
VALIDATION,images/bfd612be-53.png,0,6.844444444444445,49.92418300653595,34.624836601307194,63.61307189542483
VALIDATION,images/34fd9cdc-55.png,0,99.01960784313725,819.8823529411773,582.2352941176468,897.1176470588243
VALIDATION,images/c3f36d98-42.png,0,52.4078431372549,344.68235294117653,121.94901960784314,382.98039215686276
VALIDATION,images/14d7e2fd-46.png,1,810.3529411764706,869.6470588235294,1067.2941176470588,979.764705882353
VALIDATION,images/eb5d0777-60.png,1,317.90849673202615,178.19607843137254,610.7189542483661,246.79738562091507
VALIDATION,images/84e441ac-3.png,0,311.63398692810455,922.3529411764705,775.9477124183005,1568.627450980392
VALIDATION,images/34fd9cdc-55.png,0,99.01960784313725,499.05882352941177,504.99999999999994,568.372549019608
VALIDATION,images/9a718eef-36.png,0,23.111111111111107,168.8888888888889,384.0,228.44444444444449
VALIDATION,images/b201f175-23.png,0,76.29803921568627,166.65098039215684,506.9803921568627,550.1490196078431
VALIDATION,images/1c7c1b57-11.png,0,17.401307189542486,270.38954248366014,321.2549019607843,315.90065359477126
VALIDATION,images/1c7c1b57-11.png,1,178.02875816993463,463.1424836601307,457.78823529411767,503.2993464052287
VALIDATION,images/c35162b2-73.png,0,863.3725490196078,1234.823529411763,1250.8862745098036,1309.1137254901942
VALIDATION,images/28885e3c-76.png,1,182.19084967320265,382.01307189542496,802.9620915032681,461.35424836601317
VALIDATION,images/87a96006-70.png,0,127.37254901960785,375.74901960784314,834.2901960784313,534.964705882353
VALIDATION,images/4a48981d-58.png,0,111.36732026143791,184.98300653594768,363.359477124183,249.16078431372546
VALIDATION,images/b2cd1c69-12.png,1,238.83660130718957,288.1830065359477,677.0326797385621,353.32026143790847
VALIDATION,images/709b81a4-07.png,1,304.98039215686276,996.1372549019607,673.3333333333333,1065.450980392157
VALIDATION,images/3d44f2f9-87.png,0,70.0,124.9019607843137,252.54901960784315,207.2549019607843
VALIDATION,images/7416a253-68.png,0,610.607396341127,294.7447087550308,735.5553114678789,335.9701472526174
VALIDATION,images/630759f1-92.png,0,84.83660130718953,324.07581699346406,142.5254901960784,360.55555555555554
VALIDATION,images/31620f93-45.png,0,8.470588235294118,448.94117647058823,655.0588235294117,553.4117647058823
VALIDATION,images/a5f0529d-90.png,0,92.04183006535948,526.0666666666667,332.4614379084967,587.9568627450981
VALIDATION,images/a6940d42-01.png,0,127.62745098039217,652.934640522876,623.3398692810458,732.4705882352943
VALIDATION,images/bfd612be-53.png,1,40.26143790849674,96.62745098039215,158.22745098039218,128.0313725490196
VALIDATION,images/709b81a4-07.png,0,95.05882352941177,1087.235294117647,372.313725490196,1156.549019607843
VALIDATION,images/a1ff0dd1-72.png,0,10.949019607843137,139.6,281.93725490196084,186.13333333333333
VALIDATION,images/eb5d0777-60.png,0,11.712418300653596,307.8692810457516,387.34640522875816,375.6339869281046
VALIDATION,images/bfd612be-53.png,0,6.844444444444445,134.87581699346404,70.05490196078432,152.5908496732026
VALIDATION,images/c3f36d98-42.png,0,50.392156862745104,77.60392156862744,331.58039215686273,247.92941176470586
VALIDATION,images/84e441ac-3.png,1,570.9803921568626,809.4117647058824,847.0588235294116,882.6143790849675
VALIDATION,images/3d44f2f9-87.png,0,71.37254901960785,319.80392156862746,616.2745098039215,472.1568627450981
VALIDATION,images/6186fc00-81.png,1,194.09150326797385,398.2222222222222,347.18954248366015,444.23529411764696
VALIDATION,images/3d44f2f9-87.png,1,374.7058823529412,223.72549019607843,616.2745098039215,314.3137254901961
VALIDATION,images/19d14fc5-47.png,1,183.94509803921565,324.8392156862745,455.2967320261437,367.8901960784314
VALIDATION,images/adbe7063-56.png,0,184.25228758169933,2230.6287581699353,666.4444444444446,2379.5986928104576
VALIDATION,images/f480c66f-49.png,1,480.8313725490196,1133.6156862745097,1089.0352941176468,1245.0666666666662
VALIDATION,images/e1b9648f-28.png,1,581.103267973856,506.0601307189541,785.0666666666668,577.2549019607842
VALIDATION,images/630759f1-92.png,0,85.68496732026142,56.84052287581699,165.43137254901958,95.86535947712419
VALIDATION,images/05c7e506-65.png,1,149.9281045751634,571.8496732026143,597.0588235294117,643.4967320261437
VALIDATION,images/f03b07a0-24.png,1,190.2248366013072,136.01568627450982,731.3307189542483,291.74379084967325
VALIDATION,images/97015db7-43.png,0,92.0156862745098,443.64705882352945,524.1607843137256,548.807843137255
VALIDATION,images/1c7c1b57-11.png,0,14.724183006535945,147.24183006535947,180.70588235294116,191.41437908496732
VALIDATION,images/bfd612be-53.png,1,85.75686274509805,0.8052287581699344,155.40915032679737,13.28627450980392
VALIDATION,images/e38f29bf-22.png,1,119.36470588235292,236.63529411764705,387.4117647058823,274.32941176470587
VALIDATION,images/8fff6390-02.png,1,202.0,611.9411764705882,681.2549019607843,744.627450980392
VALIDATION,images/1c7c1b57-11.png,1,109.76209150326798,373.45882352941175,448.4183006535947,460.46535947712425
VALIDATION,images/5e1264d8-31.png,1,406.52810457516335,1796.7921568627453,1533.0143790849672,2209.5267973856207
VALIDATION,images/7483acd8-16.png,0,18.99607843137255,848.4915032679737,248.53202614379086,919.7267973856209
VALIDATION,images/f111c613-09.png,0,155.5503267973856,89.82483660130718,850.0496732026143,203.74901960784314
VALIDATION,images/7416a253-68.png,1,714.4480528480194,307.2378374624199,958.0290660563605,364.46948423616493
VALIDATION,images/7e7b4e93-08.png,0,172.31372549019608,463.921568627451,782.0392156862747,599.7843137254902
VALIDATION,images/709b81a4-07.png,1,455.4901960784315,344.58823529411745,677.2941176470596,421.8235294117645
VALIDATION,images/a5f0529d-90.png,0,95.21568627450988,414.1882352941175,485.6000000000002,511.7843137254896
VALIDATION,images/23f53e1d-66.png,1,245.4901960784314,861.6705882352941,623.5450980392158,926.7254901960785
VALIDATION,images/a465fe75-13.png,0,23.845751633986925,677.9006535947711,391.751633986928,737.5150326797384
VALIDATION,images/7416a253-68.png,0,573.993396292522,144.83999590166385,644.2385081142938,181.96177592530776
VALIDATION,images/e38f29bf-22.png,1,228.956862745098,152.17254901960783,388.80784313725485,189.1686274509804
VALIDATION,images/50cd31d8-33.png,1,192.0,588.4444444444445,440.8888888888888,628.4444444444445
VALIDATION,images/709b81a4-07.png,1,592.1372549019608,245.5686274509804,671.3529411764706,330.72549019607845
VALIDATION,images/bfd612be-53.png,1,100.65359477124184,14.896732026143793,158.63006535947713,29.390849673202617
VALIDATION,images/e5d4b88a-15.png,1,536.4705882352941,638.4,625.8823529411765,715.2941176470589
VALIDATION,images/5e1264d8-31.png,0,223.4352941176471,155.1633986928105,1312.6823529411765,397.2183006535947
VALIDATION,images/024e4188-06.png,0,76.4705882352941,847.9738562091502,312.6797385620915,912.549019607843
VALIDATION,images/93f24426-88.png,0,51.97385620915033,484.09934640522874,433.61045751633986,564.2875816993464
VALIDATION,images/eb5d0777-60.png,0,12.549019607843135,520.3660130718954,383.16339869281046,629.9607843137254
VALIDATION,images/fd453f12-44.png,0,90.01307189542484,26.18562091503268,286.4052287581699,81.83006535947715
VALIDATION,images/569b94f5-62.png,1,89.64705882352942,511.9843137254902,533.8980392156864,573.7411764705882
VALIDATION,images/c35162b2-73.png,1,1704.6588235294105,200.78431372549022,2029.9294117647046,248.97254901960784
VALIDATION,images/78f5d4c7-52.png,0,11.317647058823527,686.6039215686274,216.2928104575163,738.162091503268
VALIDATION,images/a8603449-34.png,1,192.41830065359474,400.73202614379085,348.0261437908497,439.2156862745098
VALIDATION,images/029ac730-35.png,0,7.658823529411765,665.2235294117647,356.68235294117653,756.0352941176471
VALIDATION,images/14d7e2fd-46.png,0,11.294117647058822,1572.705882352941,697.4117647058823,1665.8823529411766
VALIDATION,images/adbe7063-56.png,0,188.17254901960786,1670.0313725490196,850.696732026144,1819.0013071895426
VALIDATION,images/fd453f12-44.png,1,258.58300653594773,217.66797385620913,551.5346405228757,270.03921568627453
VALIDATION,images/7483acd8-16.png,1,212.12287581699348,375.17254901960786,688.6078431372548,522.3921568627452
VALIDATION,images/8f2e6fd4-25.png,1,554.0705882352942,1181.3803921568626,1101.7725490196078,1340.5960784313725
VALIDATION,images/a465fe75-13.png,0,30.658823529411762,308.29150326797384,405.3777777777776,405.37777777777774
VALIDATION,images/f111c613-09.png,1,346.15424836601306,878.5307189542484,1036.2718954248367,988.0732026143792
VALIDATION,images/f4f8dd18-29.png,1,202.27973856209152,261.56862745098044,737.6235294117647,376.6588235294118
VALIDATION,images/a465fe75-13.png,0,23.845751633986925,918.0614379084966,112.41568627450978,977.6758169934639
VALIDATION,images/acd3a0c5-50.png,0,21.960784313725494,189.41176470588235,147.45098039215688,220.39215686274514
VALIDATION,images/c0ddbf3d-80.png,1,320.0941176470588,185.31764705882352,878.1529411764704,305.3529411764706
VALIDATION,images/f480c66f-49.png,0,41.39607843137255,1757.7411764705882,388.4862745098039,1866.0078431372551
VALIDATION,images/a8603449-34.png,1,166.483660130719,243.45098039215694,353.04575163398704,287.7908496732026
VALIDATION,images/c3f36d98-42.png,0,47.36862745098039,581.5254901960784,328.55686274509804,644.0117647058823
VALIDATION,images/a465fe75-13.png,1,270.81960784313725,235.05098039215682,584.2209150326796,303.18169934640525
VALIDATION,images/d045ea2b-32.png,1,354.2091503267973,381.05882352941177,501.8823529411764,433.72549019607845
VALIDATION,images/3d44f2f9-87.png,0,70.0,588.8235294117646,617.6470588235294,889.4117647058822
VALIDATION,images/8b42b15b-77.png,0,16.941176470588236,446.1176470588235,660.7058823529412,544.9411764705882
VALIDATION,images/b794eae4-79.png,0,15.058823529411763,499.4509803921569,569.7254901960785,607.3725490196077
VALIDATION,images/7416a253-68.png,0,603.2291500914686,259.1060261189206,715.9928477017042,299.3010410902492
VALIDATION,images/b3d29a1d-2.png,1,123.68627450980394,541.3986928104575,669.4248366013072,667.2549019607843
VALIDATION,images/5c388112-6.png,0,107.99999999999999,552.0,595.0,669.0
VALIDATION,images/6186fc00-81.png,0,15.058823529411761,81.98692810457516,224.20915032679738,122.98039215686276
VALIDATION,images/e38f29bf-22.png,0,48.16470588235289,447.44313725490196,205.22352941176456,481.64705882352985
VALIDATION,images/1f9143c9-86.png,1,727.843137254902,1060.392156862745,1098.0392156862745,1127.3202614379086
VALIDATION,images/0c708427-7.png,0,0.0,367.74509803921575,284.4705882352941,461.9607843137255
VALIDATION,images/eb5d0777-60.png,1,228.3921568627451,395.7124183006536,605.6993464052288,467.66013071895424
VALIDATION,images/45e6643b-20.png,1,320.0941176470588,899.2117647058824,876.0470588235294,1223.5176470588235
VALIDATION,images/7483acd8-16.png,1,221.6209150326797,609.4575163398692,687.024836601307,751.9281045751634
VALIDATION,images/630759f1-92.png,1,132.34509803921569,531.0771241830065,378.3712418300653,640.5163398692811
VALIDATION,images/2e505ca9-48.png,0,24.413071895424835,279.00653594771245,552.7816993464053,395.84052287581704
VALIDATION,images/f313aef6-75.png,1,479.90718954248376,257.15163398692806,948.3490196078433,353.7882352941176
VALIDATION,images/acd3a0c5-50.png,1,125.49019607843138,159.2156862745098,164.31372549019608,176.07843137254903
VALIDATION,images/f480c66f-49.png,0,38.21176470588235,1872.3764705882356,366.19607843137254,1983.827450980392
VALIDATION,images/14d7e2fd-46.png,0,22.588235294117645,1787.2941176470588,756.705882352941,1891.7647058823532
VALIDATION,images/97015db7-43.png,1,108.4470588235294,846.2156862745098,553.7372549019608,926.729411764706
VALIDATION,images/14d7e2fd-46.png,0,8.470588235294118,759.529411764706,220.23529411764702,864.0
VALIDATION,images/97015db7-43.png,0,88.72941176470587,949.7333333333332,249.75686274509803,1002.313725490196
VALIDATION,images/4b809de2-5.png,0,44.294117647058826,501.01568627450973,718.5490196078431,619.1333333333332
VALIDATION,images/05c7e506-65.png,0,80.93464052287581,667.3790849673202,476.32026143790847,792.0980392156863
VALIDATION,images/e6adbe2b-91.png,0,95.13333333333334,563.3385620915033,626.7607843137255,656.6065359477124
VALIDATION,images/45e6643b-20.png,0,193.74117647058821,326.4117647058823,545.4235294117648,410.6470588235294
VALIDATION,images/e1b9648f-28.png,0,28.862745098039216,908.2143790849674,423.32026143790847,983.2575163398692
VALIDATION,images/b201f175-23.png,1,172.67450980392158,569.2235294117647,598.3372549019608,694.7137254901961
